poster_name,google_map_location,distance_km_from_Bagmane_Constellation,private_bathroom,post_date,post_link,room_rent_including_maintenance_inr,contact_number,additional_requirements,bhk,gated_society_or_apartment,google_rating_or_new_building,qualification_status,exclusion_reason,source_file
Pravir Kumar,Location stated in post; map link not found,Not filtered (point 4 relaxed),Not filtered (point 6 relaxed),Tuesday 28 July 2026 at 14:15,https://www.facebook.com/groups/flat.and.flatmates.without.brokers.bangalore/posts/27883828467937166/,19854,Not stated,"FLATMATE WANTED – MALE | 3BHK FULLY FURNISHED | KALYAN NAGAR (HRBR LAYOUT)
Looking for a chill male flatmate to join a fully set-up, ready-to-move-in 3BHK! Just bring your bags and settle in.
Society: Regency Magnum 
Room: Attached bathroom Bike parking available Society Amenity: Swimming pool Power backup available
Furnishing includes: Bed, mattress, sofa, dining table & more — fully furnished, nothing to buy!
Kitchen is already set up too — we can sort out how much to contribute for that.
Extra charges (as applicable):
• Electricity bill
• Cook (optional, if needed)
• WiFi
• Water purifier
• Washing machine
• TV
Rent: ₹19,854/month Deposit: ₹80,000 Available from: 1st August 2026 or 15 August or any time after.  Look for someone immediately.
Prime location — close to Manyata Tech Park & ",3BHK,Evidence in post,Not filtered (point 8 relaxed),Included under relaxed filter,,flat.and.flatmates.without.brokers.bangalore_posts_2026-08-07T21-00-18.csv
